trial,runtime,bench,metric,value,unit
1,lab,*,asset_fetch,551.785000000149,ms
1,lab,*,compiler_worker_init,839.765000000596,ms
1,lab,*,asset_bytes,289157312,bytes
1,lab,python,vfs_setup,122.0300000011921,ms
1,lab,python,python_to_c,180776.79000000097,ms
1,lab,python,c_compile,25167.81000000052,ms
1,lab,python,link,48061.18999999948,ms
1,lab,python,compile_total_wall,254212.15000000037,ms
1,lab,python,wasm_bytes,26387045,bytes
1,lab,python,wasm_compile,15.379999998956919,ms
1,lab,python,runtime_fs_setup,79.66500000096858,ms
1,lab,python,instantiate_first,4.880000000819564,ms
1,lab,python,process_run_first,956.2899999991059,ms
1,lab,python,linear_memory_first,21102592,bytes
1,lab,python,imports_first,0.03500000000000725,ms
1,lab,python,work_first_in_process_first,248.815,ms
1,lab,python,work_repeat_in_process_first,157.61500000000007,ms
1,lab,python,work_repeat_in_process_first,151.9250000000001,ms
1,lab,python,work_repeat_in_process_first,151.66000000000003,ms
1,lab,python,work_repeat_in_process_first,154.34000000000003,ms
1,lab,python,result,0,"[2864133, 393133, 988094463]"
1,lab,python,instantiate_repeat,4.610000001266599,ms
1,lab,python,process_run_repeat,826.570000000298,ms
1,lab,python,linear_memory_repeat,21102592,bytes
1,lab,python,imports_repeat,0.010000000000065512,ms
1,lab,python,work_first_in_process_repeat,151.71500000000003,ms
1,lab,python,work_repeat_in_process_repeat,156.78499999999994,ms
1,lab,python,work_repeat_in_process_repeat,151.745,ms
1,lab,python,work_repeat_in_process_repeat,172.73000000000005,ms
1,lab,python,work_repeat_in_process_repeat,159.00999999999988,ms
1,lab,python,result,0,"[2864133, 393133, 988094463]"
1,lab,python,instantiate_repeat,4.634999999776483,ms
1,lab,python,process_run_repeat,801.6999999992549,ms
1,lab,python,linear_memory_repeat,21102592,bytes
1,lab,python,imports_repeat,0.009999999999843467,ms
1,lab,python,work_first_in_process_repeat,152.11500000000024,ms
1,lab,python,work_repeat_in_process_repeat,156.48499999999999,ms
1,lab,python,work_repeat_in_process_repeat,152.0900000000003,ms
1,lab,python,work_repeat_in_process_repeat,152.23999999999992,ms
1,lab,python,work_repeat_in_process_repeat,154.68500000000017,ms
1,lab,python,result,0,"[2864133, 393133, 988094463]"
1,lab,sympy,vfs_setup,140.93500000052154,ms
1,lab,sympy,python_to_c,175735.98000000045,ms
1,lab,sympy,c_compile,22859.10000000149,ms
1,lab,sympy,link,44597.555000001565,ms
1,lab,sympy,compile_total_wall,243406.1799999997,ms
1,lab,sympy,wasm_bytes,26388823,bytes
1,lab,sympy,wasm_compile,15.68999999947846,ms
1,lab,sympy,runtime_fs_setup,79.74000000022352,ms
1,lab,sympy,instantiate_first,4.929999999701977,ms
1,lab,sympy,process_run_first,6071.945000000298,ms
1,lab,sympy,linear_memory_first,55640064,bytes
1,lab,sympy,imports_first,290.37,ms
1,lab,sympy,work_first_in_process_first,1406.295,ms
1,lab,sympy,work_repeat_in_process_first,1064.205,ms
1,lab,sympy,work_repeat_in_process_first,1035.0599999999997,ms
1,lab,sympy,work_repeat_in_process_first,1054.2250000000006,ms
1,lab,sympy,work_repeat_in_process_first,1031.2750000000008,ms
1,lab,sympy,result,0,"""e90e27901539395c1c4af82a36ffaf67c01d003abec47213fe97f78803a76714"""
1,lab,sympy,instantiate_repeat,7.175000000745058,ms
1,lab,sympy,process_run_repeat,5894.13000000082,ms
1,lab,sympy,linear_memory_repeat,55640064,bytes
1,lab,sympy,imports_repeat,246.5800000000007,ms
1,lab,sympy,work_first_in_process_repeat,1336.2000000000007,ms
1,lab,sympy,work_repeat_in_process_repeat,1050.7949999999998,ms
1,lab,sympy,work_repeat_in_process_repeat,1026.9899999999996,ms
1,lab,sympy,work_repeat_in_process_repeat,1055.1649999999988,ms
1,lab,sympy,work_repeat_in_process_repeat,1048.2200000000007,ms
1,lab,sympy,result,0,"""e90e27901539395c1c4af82a36ffaf67c01d003abec47213fe97f78803a76714"""
1,lab,sympy,instantiate_repeat,6.894999999552965,ms
1,lab,sympy,process_run_repeat,5869.8300000000745,ms
1,lab,sympy,linear_memory_repeat,55640064,bytes
1,lab,sympy,imports_repeat,245.58000000000035,ms
1,lab,sympy,work_first_in_process_repeat,1313.0649999999998,ms
1,lab,sympy,work_repeat_in_process_repeat,1058.4249999999997,ms
1,lab,sympy,work_repeat_in_process_repeat,1027.7099999999991,ms
1,lab,sympy,work_repeat_in_process_repeat,1045.9400000000016,ms
1,lab,sympy,work_repeat_in_process_repeat,1051.0049999999999,ms
1,lab,sympy,result,0,"""e90e27901539395c1c4af82a36ffaf67c01d003abec47213fe97f78803a76714"""
2,lab,*,asset_fetch,507.75,ms
2,lab,*,compiler_worker_init,698.179999999702,ms
2,lab,*,asset_bytes,289157312,bytes
2,lab,python,vfs_setup,128.42999999970198,ms
2,lab,python,python_to_c,152535.9849999994,ms
2,lab,python,c_compile,26342.08999999985,ms
2,lab,python,link,41722.5549999997,ms
2,lab,python,compile_total_wall,220805.91000000015,ms
2,lab,python,wasm_bytes,26387045,bytes
2,lab,python,wasm_compile,15.550000000745058,ms
2,lab,python,runtime_fs_setup,80.32000000029802,ms
2,lab,python,instantiate_first,4.990000000223517,ms
2,lab,python,process_run_first,995.015000000596,ms
2,lab,python,linear_memory_first,21102592,bytes
2,lab,python,imports_first,0.030000000000002247,ms
2,lab,python,work_first_in_process_first,252.06,ms
2,lab,python,work_repeat_in_process_first,159.20999999999995,ms
2,lab,python,work_repeat_in_process_first,151.22999999999996,ms
2,lab,python,work_repeat_in_process_first,182.18500000000003,ms
2,lab,python,work_repeat_in_process_first,152.83500000000006,ms
2,lab,python,result,0,"[2864133, 393133, 988094463]"
2,lab,python,instantiate_repeat,4.7650000005960464,ms
2,lab,python,process_run_repeat,797.679999999702,ms
2,lab,python,linear_memory_repeat,21102592,bytes
2,lab,python,imports_repeat,0.009999999999843467,ms
2,lab,python,work_first_in_process_repeat,150.6050000000001,ms
2,lab,python,work_repeat_in_process_repeat,154.6050000000001,ms
2,lab,python,work_repeat_in_process_repeat,149.9299999999999,ms
2,lab,python,work_repeat_in_process_repeat,150.285,ms
2,lab,python,work_repeat_in_process_repeat,157.35999999999996,ms
2,lab,python,result,0,"[2864133, 393133, 988094463]"
2,lab,python,instantiate_repeat,4.7349999994039536,ms
2,lab,python,process_run_repeat,820.179999999702,ms
2,lab,python,linear_memory_repeat,21102592,bytes
2,lab,python,imports_repeat,0.0,ms
2,lab,python,work_first_in_process_repeat,155.1950000000002,ms
2,lab,python,work_repeat_in_process_repeat,161.2450000000001,ms
2,lab,python,work_repeat_in_process_repeat,155.2150000000001,ms
2,lab,python,work_repeat_in_process_repeat,155.20500000000004,ms
2,lab,python,work_repeat_in_process_repeat,158.40999999999994,ms
2,lab,python,result,0,"[2864133, 393133, 988094463]"
2,lab,sympy,vfs_setup,135.32000000029802,ms
2,lab,sympy,python_to_c,162342.61999999918,ms
2,lab,sympy,c_compile,23251.035000003874,ms
2,lab,sympy,link,47102.580000000075,ms
2,lab,sympy,compile_total_wall,232903.41000000015,ms
2,lab,sympy,wasm_bytes,26388823,bytes
2,lab,sympy,wasm_compile,15.384999999776483,ms
2,lab,sympy,runtime_fs_setup,81.69500000029802,ms
2,lab,sympy,instantiate_first,5.235000001266599,ms
2,lab,sympy,process_run_first,12810.054999999702,ms
2,lab,sympy,linear_memory_first,55640064,bytes
2,lab,sympy,imports_first,549.7099999999999,ms
2,lab,sympy,work_first_in_process_first,2965.29,ms
2,lab,sympy,work_repeat_in_process_first,2306.78,ms
2,lab,sympy,work_repeat_in_process_first,2222.4000000000005,ms
2,lab,sympy,work_repeat_in_process_first,2288.105,ms
2,lab,sympy,work_repeat_in_process_first,2143.2350000000006,ms
2,lab,sympy,result,0,"""e90e27901539395c1c4af82a36ffaf67c01d003abec47213fe97f78803a76714"""
2,lab,sympy,instantiate_repeat,6.6400000005960464,ms
2,lab,sympy,process_run_repeat,6060.49499999918,ms
2,lab,sympy,linear_memory_repeat,55640064,bytes
2,lab,sympy,imports_repeat,249.2750000000008,ms
2,lab,sympy,work_first_in_process_repeat,1371.2649999999992,ms
2,lab,sympy,work_repeat_in_process_repeat,1059.6099999999992,ms
2,lab,sympy,work_repeat_in_process_repeat,1031.044999999999,ms
2,lab,sympy,work_repeat_in_process_repeat,1086.1449999999984,ms
2,lab,sympy,work_repeat_in_process_repeat,1120.8350000000032,ms
2,lab,sympy,result,0,"""e90e27901539395c1c4af82a36ffaf67c01d003abec47213fe97f78803a76714"""
2,lab,sympy,instantiate_repeat,8.93500000052154,ms
2,lab,sympy,process_run_repeat,6332.519999999553,ms
2,lab,sympy,linear_memory_repeat,55640064,bytes
2,lab,sympy,imports_repeat,449.9999999999993,ms
2,lab,sympy,work_first_in_process_repeat,1522.7900000000004,ms
2,lab,sympy,work_repeat_in_process_repeat,1059.6999999999994,ms
2,lab,sympy,work_repeat_in_process_repeat,1038.884999999997,ms
2,lab,sympy,work_repeat_in_process_repeat,1064.664999999998,ms
2,lab,sympy,work_repeat_in_process_repeat,1058.6699999999994,ms
2,lab,sympy,result,0,"""e90e27901539395c1c4af82a36ffaf67c01d003abec47213fe97f78803a76714"""
3,lab,*,asset_fetch,517.0499999988824,ms
3,lab,*,compiler_worker_init,695.3450000006706,ms
3,lab,*,asset_bytes,289157312,bytes
3,lab,python,vfs_setup,259.92500000074506,ms
3,lab,python,python_to_c,137156.9450000003,ms
3,lab,python,c_compile,25977.055000001565,ms
3,lab,python,link,43017.85500000045,ms
3,lab,python,compile_total_wall,206488.7950000018,ms
3,lab,python,wasm_bytes,26387045,bytes
3,lab,python,wasm_compile,15.884999999776483,ms
3,lab,python,runtime_fs_setup,82.75500000081956,ms
3,lab,python,instantiate_first,4.875,ms
3,lab,python,process_run_first,1892.8100000005215,ms
3,lab,python,linear_memory_first,21102592,bytes
3,lab,python,imports_first,0.020000000000020002,ms
3,lab,python,work_first_in_process_first,503.2,ms
3,lab,python,work_repeat_in_process_first,312.9000000000001,ms
3,lab,python,work_repeat_in_process_first,303.7300000000001,ms
3,lab,python,work_repeat_in_process_first,302.02,ms
3,lab,python,work_repeat_in_process_first,307.80000000000007,ms
3,lab,python,result,0,"[2864133, 393133, 988094463]"
3,lab,python,instantiate_repeat,10.669999999925494,ms
3,lab,python,process_run_repeat,1630.0400000009686,ms
3,lab,python,linear_memory_repeat,21102592,bytes
3,lab,python,imports_repeat,0.010000000000065512,ms
3,lab,python,work_first_in_process_repeat,304.5200000000001,ms
3,lab,python,work_repeat_in_process_repeat,311.5800000000002,ms
3,lab,python,work_repeat_in_process_repeat,301.8550000000002,ms
3,lab,python,work_repeat_in_process_repeat,301.1249999999999,ms
3,lab,python,work_repeat_in_process_repeat,337.005,ms
3,lab,python,result,0,"[2864133, 393133, 988094463]"
3,lab,python,instantiate_repeat,10.970000000670552,ms
3,lab,python,process_run_repeat,1634.2400000002235,ms
3,lab,python,linear_memory_repeat,21102592,bytes
3,lab,python,imports_repeat,0.005000000000254801,ms
3,lab,python,work_first_in_process_repeat,304.0399999999996,ms
3,lab,python,work_repeat_in_process_repeat,307.7550000000002,ms
3,lab,python,work_repeat_in_process_repeat,307.0599999999999,ms
3,lab,python,work_repeat_in_process_repeat,325.6350000000001,ms
3,lab,python,work_repeat_in_process_repeat,310.30999999999943,ms
3,lab,python,result,0,"[2864133, 393133, 988094463]"
3,lab,sympy,vfs_setup,126.63499999977648,ms
3,lab,sympy,python_to_c,133012.62999999896,ms
3,lab,sympy,c_compile,27547.815000003204,ms
3,lab,sympy,link,37951.93999999948,ms
3,lab,sympy,compile_total_wall,198708.91000000015,ms
3,lab,sympy,wasm_bytes,26388823,bytes
3,lab,sympy,wasm_compile,14.915000000968575,ms
3,lab,sympy,runtime_fs_setup,77.83500000089407,ms
3,lab,sympy,instantiate_first,4.719999998807907,ms
3,lab,sympy,process_run_first,6089.5449999999255,ms
3,lab,sympy,linear_memory_first,55640064,bytes
3,lab,sympy,imports_first,288.74999999999994,ms
3,lab,sympy,work_first_in_process_first,1381.145,ms
3,lab,sympy,work_repeat_in_process_first,1066.8,ms
3,lab,sympy,work_repeat_in_process_first,1063.9200000000005,ms
3,lab,sympy,work_repeat_in_process_first,1067.5399999999993,ms
3,lab,sympy,work_repeat_in_process_first,1029.6399999999996,ms
3,lab,sympy,result,0,"""e90e27901539395c1c4af82a36ffaf67c01d003abec47213fe97f78803a76714"""
3,lab,sympy,instantiate_repeat,7.275000000372529,ms
3,lab,sympy,process_run_repeat,5924.815000001341,ms
3,lab,sympy,linear_memory_repeat,55640064,bytes
3,lab,sympy,imports_repeat,250.305,ms
3,lab,sympy,work_first_in_process_repeat,1325.6049999999996,ms
3,lab,sympy,work_repeat_in_process_repeat,1084.1750000000002,ms
3,lab,sympy,work_repeat_in_process_repeat,1041.3449999999998,ms
3,lab,sympy,work_repeat_in_process_repeat,1057.1100000000015,ms
3,lab,sympy,work_repeat_in_process_repeat,1034.1149999999998,ms
3,lab,sympy,result,0,"""e90e27901539395c1c4af82a36ffaf67c01d003abec47213fe97f78803a76714"""
3,lab,sympy,instantiate_repeat,6.519999999552965,ms
3,lab,sympy,process_run_repeat,5899.859999999404,ms
3,lab,sympy,linear_memory_repeat,55640064,bytes
3,lab,sympy,imports_repeat,247.05000000000155,ms
3,lab,sympy,work_first_in_process_repeat,1345.205,ms
3,lab,sympy,work_repeat_in_process_repeat,1051.3349999999998,ms
3,lab,sympy,work_repeat_in_process_repeat,1033.6850000000002,ms
3,lab,sympy,work_repeat_in_process_repeat,1049.22,ms
3,lab,sympy,work_repeat_in_process_repeat,1043.025,ms
3,lab,sympy,result,0,"""e90e27901539395c1c4af82a36ffaf67c01d003abec47213fe97f78803a76714"""
1,pyodide,python,setup_core,1681.4749999996275,ms
1,pyodide,python,setup_packages,328.4550000000745,ms
1,pyodide,python,process_run_first,1736.964999999851,ms
1,pyodide,python,imports_first,0.005000000000254801,ms
1,pyodide,python,work_first_in_process_first,341.62500000000006,ms
1,pyodide,python,work_repeat_in_process_first,338.9199999999999,ms
1,pyodide,python,work_repeat_in_process_first,338.5849999999997,ms
1,pyodide,python,work_repeat_in_process_first,358.41500000000036,ms
1,pyodide,python,work_repeat_in_process_first,338.8399999999998,ms
1,pyodide,python,result,0,"[2864133, 393133, 988094463]"
1,pyodide,python,process_run_repeat,1710.9900000002235,ms
1,pyodide,python,imports_repeat,0.004999999999810711,ms
1,pyodide,python,work_first_in_process_repeat,339.75000000000045,ms
1,pyodide,python,work_repeat_in_process_repeat,344.17499899999984,ms
1,pyodide,python,work_repeat_in_process_repeat,339.7699999999997,ms
1,pyodide,python,work_repeat_in_process_repeat,339.40500100000025,ms
1,pyodide,python,work_repeat_in_process_repeat,343.0200000000001,ms
1,pyodide,python,result,0,"[2864133, 393133, 988094463]"
1,pyodide,python,process_run_repeat,1743.640000000596,ms
1,pyodide,python,imports_repeat,0.0,ms
1,pyodide,python,work_first_in_process_repeat,341.96000000000026,ms
1,pyodide,python,work_repeat_in_process_repeat,362.6749999999994,ms
1,pyodide,python,work_repeat_in_process_repeat,343.4300009999998,ms
1,pyodide,python,work_repeat_in_process_repeat,345.2099999999998,ms
1,pyodide,python,work_repeat_in_process_repeat,346.19,ms
1,pyodide,python,result,0,"[2864133, 393133, 988094463]"
1,pyodide,sympy,setup_core,918.5100000016391,ms
1,pyodide,sympy,setup_packages,310.5800000000745,ms
1,pyodide,sympy,process_run_first,8481.61999999918,ms
1,pyodide,sympy,imports_first,1666.8899999999999,ms
1,pyodide,sympy,work_first_in_process_first,1768.1100000000006,ms
1,pyodide,sympy,work_repeat_in_process_first,1235.6449989999999,ms
1,pyodide,sympy,work_repeat_in_process_first,1261.8649990000001,ms
1,pyodide,sympy,work_repeat_in_process_first,1235.834999999999,ms
1,pyodide,sympy,work_repeat_in_process_first,1275.9300010000009,ms
1,pyodide,sympy,result,0,"""e90e27901539395c1c4af82a36ffaf67c01d003abec47213fe97f78803a76714"""
1,pyodide,sympy,process_run_repeat,6219.0800000000745,ms
1,pyodide,sympy,imports_repeat,0.020000000001019203,ms
1,pyodide,sympy,work_first_in_process_repeat,1225.2649990000002,ms
1,pyodide,sympy,work_repeat_in_process_repeat,1220.6150000000005,ms
1,pyodide,sympy,work_repeat_in_process_repeat,1249.4199990000006,ms
1,pyodide,sympy,work_repeat_in_process_repeat,1261.6749990000003,ms
1,pyodide,sympy,work_repeat_in_process_repeat,1248.569999999999,ms
1,pyodide,sympy,result,0,"""e90e27901539395c1c4af82a36ffaf67c01d003abec47213fe97f78803a76714"""
1,pyodide,sympy,process_run_repeat,6211.984999999404,ms
1,pyodide,sympy,imports_repeat,0.014999999999432134,ms
1,pyodide,sympy,work_first_in_process_repeat,1235.719999999999,ms
1,pyodide,sympy,work_repeat_in_process_repeat,1252.914999999998,ms
1,pyodide,sympy,work_repeat_in_process_repeat,1238.344999999999,ms
1,pyodide,sympy,work_repeat_in_process_repeat,1253.0,ms
1,pyodide,sympy,work_repeat_in_process_repeat,1219.8800000000033,ms
1,pyodide,sympy,result,0,"""e90e27901539395c1c4af82a36ffaf67c01d003abec47213fe97f78803a76714"""
2,pyodide,python,setup_core,1702.3100000005215,ms
2,pyodide,python,setup_packages,371.56499999947846,ms
2,pyodide,python,process_run_first,1855.535000000149,ms
2,pyodide,python,imports_first,0.0,ms
2,pyodide,python,work_first_in_process_first,368.43500099999994,ms
2,pyodide,python,work_repeat_in_process_first,363.61500100000035,ms
2,pyodide,python,work_repeat_in_process_first,383.1600009999998,ms
2,pyodide,python,work_repeat_in_process_first,358.8149999999999,ms
2,pyodide,python,work_repeat_in_process_first,358.5099999999999,ms
2,pyodide,python,result,0,"[2864133, 393133, 988094463]"
2,pyodide,python,process_run_repeat,1954.9000000003725,ms
2,pyodide,python,imports_repeat,0.005000999999893452,ms
2,pyodide,python,work_first_in_process_repeat,345.9599999999998,ms
2,pyodide,python,work_repeat_in_process_repeat,377.82499999999965,ms
2,pyodide,python,work_repeat_in_process_repeat,389.8099999999998,ms
2,pyodide,python,work_repeat_in_process_repeat,423.68000000000006,ms
2,pyodide,python,work_repeat_in_process_repeat,412.7800009999998,ms
2,pyodide,python,result,0,"[2864133, 393133, 988094463]"
2,pyodide,python,process_run_repeat,3350.4399999994785,ms
2,pyodide,python,imports_repeat,0.020000000000131024,ms
2,pyodide,python,work_first_in_process_repeat,690.1150000000005,ms
2,pyodide,python,work_repeat_in_process_repeat,681.9299999999995,ms
2,pyodide,python,work_repeat_in_process_repeat,656.1849999999989,ms
2,pyodide,python,work_repeat_in_process_repeat,671.2800009999995,ms
2,pyodide,python,work_repeat_in_process_repeat,643.6100000000007,ms
2,pyodide,python,result,0,"[2864133, 393133, 988094463]"
2,pyodide,sympy,setup_core,1630.085000000894,ms
2,pyodide,sympy,setup_packages,487.09500000067055,ms
2,pyodide,sympy,process_run_first,8566.90499999933,ms
2,pyodide,sympy,imports_first,1712.005,ms
2,pyodide,sympy,work_first_in_process_first,1775.2600000000002,ms
2,pyodide,sympy,work_repeat_in_process_first,1242.6599999999999,ms
2,pyodide,sympy,work_repeat_in_process_first,1285.7150000000006,ms
2,pyodide,sympy,work_repeat_in_process_first,1250.895,ms
2,pyodide,sympy,work_repeat_in_process_first,1262.9850000000006,ms
2,pyodide,sympy,result,0,"""e90e27901539395c1c4af82a36ffaf67c01d003abec47213fe97f78803a76714"""
2,pyodide,sympy,process_run_repeat,6256.375,ms
2,pyodide,sympy,imports_repeat,0.020000999999325586,ms
2,pyodide,sympy,work_first_in_process_repeat,1232.73,ms
2,pyodide,sympy,work_repeat_in_process_repeat,1252.2099999999998,ms
2,pyodide,sympy,work_repeat_in_process_repeat,1259.6849989999992,ms
2,pyodide,sympy,work_repeat_in_process_repeat,1236.1749999999993,ms
2,pyodide,sympy,work_repeat_in_process_repeat,1261.0249999999983,ms
2,pyodide,sympy,result,0,"""e90e27901539395c1c4af82a36ffaf67c01d003abec47213fe97f78803a76714"""
2,pyodide,sympy,process_run_repeat,6295.1500000003725,ms
2,pyodide,sympy,imports_repeat,0.019999999999242846,ms
2,pyodide,sympy,work_first_in_process_repeat,1258.2500000000002,ms
2,pyodide,sympy,work_repeat_in_process_repeat,1261.614999999999,ms
2,pyodide,sympy,work_repeat_in_process_repeat,1249.2650000000012,ms
2,pyodide,sympy,work_repeat_in_process_repeat,1265.7600010000003,ms
2,pyodide,sympy,work_repeat_in_process_repeat,1246.489999999998,ms
2,pyodide,sympy,result,0,"""e90e27901539395c1c4af82a36ffaf67c01d003abec47213fe97f78803a76714"""
3,pyodide,python,setup_core,1510.894999999553,ms
3,pyodide,python,setup_packages,383.22499999962747,ms
3,pyodide,python,process_run_first,1705.1150000002235,ms
3,pyodide,python,imports_first,0.005000000000032756,ms
3,pyodide,python,work_first_in_process_first,339.04499999999985,ms
3,pyodide,python,work_repeat_in_process_first,336.6549999999999,ms
3,pyodide,python,work_repeat_in_process_first,336.44999900000005,ms
3,pyodide,python,work_repeat_in_process_first,336.0799999999999,ms
3,pyodide,python,work_repeat_in_process_first,336.30500099999995,ms
3,pyodide,python,result,0,"[2864133, 393133, 988094463]"
3,pyodide,python,process_run_repeat,1685.8299999982119,ms
3,pyodide,python,imports_repeat,0.005000999999893452,ms
3,pyodide,python,work_first_in_process_repeat,336.26999999999987,ms
3,pyodide,python,work_repeat_in_process_repeat,335.7550009999999,ms
3,pyodide,python,work_repeat_in_process_repeat,336.3249989999995,ms
3,pyodide,python,work_repeat_in_process_repeat,336.7299989999992,ms
3,pyodide,python,work_repeat_in_process_repeat,336.1299999999998,ms
3,pyodide,python,result,0,"[2864133, 393133, 988094463]"
3,pyodide,python,process_run_repeat,1686.6699999999255,ms
3,pyodide,python,imports_repeat,0.0,ms
3,pyodide,python,work_first_in_process_repeat,336.09999899999997,ms
3,pyodide,python,work_repeat_in_process_repeat,337.60000000000014,ms
3,pyodide,python,work_repeat_in_process_repeat,336.4699990000002,ms
3,pyodide,python,work_repeat_in_process_repeat,336.1400000000003,ms
3,pyodide,python,work_repeat_in_process_repeat,336.28999999999996,ms
3,pyodide,python,result,0,"[2864133, 393133, 988094463]"
3,pyodide,sympy,setup_core,996.6699999999255,ms
3,pyodide,sympy,setup_packages,320.125,ms
3,pyodide,sympy,process_run_first,8402.280000001192,ms
3,pyodide,sympy,imports_first,1673.3000000000002,ms
3,pyodide,sympy,work_first_in_process_first,1759.7849999999999,ms
3,pyodide,sympy,work_repeat_in_process_first,1245.8549999999998,ms
3,pyodide,sympy,work_repeat_in_process_first,1246.6750000000006,ms
3,pyodide,sympy,work_repeat_in_process_first,1219.855,ms
3,pyodide,sympy,work_repeat_in_process_first,1218.6199999999997,ms
3,pyodide,sympy,result,0,"""e90e27901539395c1c4af82a36ffaf67c01d003abec47213fe97f78803a76714"""
3,pyodide,sympy,process_run_repeat,6207.460000000894,ms
3,pyodide,sympy,imports_repeat,0.025000000000829914,ms
3,pyodide,sympy,work_first_in_process_repeat,1248.429999999999,ms
3,pyodide,sympy,work_repeat_in_process_repeat,1241.484999999999,ms
3,pyodide,sympy,work_repeat_in_process_repeat,1243.4849989999996,ms
3,pyodide,sympy,work_repeat_in_process_repeat,1214.1400000000003,ms
3,pyodide,sympy,work_repeat_in_process_repeat,1245.4850000000004,ms
3,pyodide,sympy,result,0,"""e90e27901539395c1c4af82a36ffaf67c01d003abec47213fe97f78803a76714"""
3,pyodide,sympy,process_run_repeat,6233,ms
3,pyodide,sympy,imports_repeat,0.020000000001019203,ms
3,pyodide,sympy,work_first_in_process_repeat,1245.6549999999993,ms
3,pyodide,sympy,work_repeat_in_process_repeat,1245.799999999999,ms
3,pyodide,sympy,work_repeat_in_process_repeat,1239.02,ms
3,pyodide,sympy,work_repeat_in_process_repeat,1219.615000000001,ms
3,pyodide,sympy,work_repeat_in_process_repeat,1269.7049999999983,ms
3,pyodide,sympy,result,0,"""e90e27901539395c1c4af82a36ffaf67c01d003abec47213fe97f78803a76714"""
