runtime,bench,metric,n,median,min,max,stdev
lab,*,asset_bytes,3,289157312,289157312,289157312,0.0
lab,*,asset_fetch,3,517.0499999988824,507.75,551.785000000149,23.20952193274823
lab,*,compiler_worker_init,3,698.179999999702,695.3450000006706,839.765000000596,82.57469936389532
lab,python,c_compile,3,25977.055000001565,25167.81000000052,26342.08999999985,600.9799691127903
lab,python,compile_total_wall,3,220805.91000000015,206488.7950000018,254212.15000000037,24489.709625734245
lab,python,imports_first,3,0.030000000000002247,0.020000000000020002,0.03500000000000725,0.00763762615825223
lab,python,imports_repeat,6,0.009999999999843467,0.0,0.010000000000065512,0.004183300132618165
lab,python,instantiate_first,3,4.880000000819564,4.875,4.990000000223517,0.06499999990830055
lab,python,instantiate_repeat,6,4.75,4.610000001266599,10.970000000670552,3.169412274666447
lab,python,linear_memory_first,3,21102592,21102592,21102592,0.0
lab,python,linear_memory_repeat,6,21102592.0,21102592,21102592,0.0
lab,python,link,3,43017.85500000045,41722.5549999997,48061.18999999948,3348.9133480239857
lab,python,process_run_first,3,995.015000000596,956.2899999991059,1892.8100000005215,529.8750164036536
lab,python,process_run_repeat,6,823.375,797.679999999702,1634.2400000002235,423.9010547015027
lab,python,python_to_c,3,152535.9849999994,137156.9450000003,180776.79000000097,22123.70077614265
lab,python,runtime_fs_setup,3,80.32000000029802,79.66500000096858,82.75500000081956,1.6282070916983393
lab,python,vfs_setup,3,128.42999999970198,122.0300000011921,259.92500000074506,77.83200503877133
lab,python,wasm_bytes,3,26387045,26387045,26387045,0.0
lab,python,wasm_compile,3,15.550000000745058,15.379999998956919,15.884999999776483,0.25695330340575545
lab,python,work_first_in_process_first,3,252.06,248.815,503.2,145.94151673986855
lab,python,work_first_in_process_repeat,6,153.6550000000002,150.6050000000001,304.5200000000001,78.44153808197953
lab,python,work_repeat_in_process_first,12,158.41250000000002,151.22999999999996,312.9000000000001,73.86196273208806
lab,python,work_repeat_in_process_repeat,24,157.88499999999993,149.9299999999999,337.005,75.87714138395995
lab,sympy,c_compile,3,23251.035000003874,22859.10000000149,27547.815000003204,2601.2810870755643
lab,sympy,compile_total_wall,3,232903.41000000015,198708.91000000015,243406.1799999997,23371.69924422752
lab,sympy,imports_first,3,290.37,288.74999999999994,549.7099999999999,150.19985663552853
lab,sympy,imports_repeat,6,248.16250000000116,245.58000000000035,449.9999999999993,82.58362622215077
lab,sympy,instantiate_first,3,4.929999999701977,4.719999998807907,5.235000001266599,0.2589562395020894
lab,sympy,instantiate_repeat,6,7.035000000149012,6.519999999552965,8.93500000052154,0.8804430704973685
lab,sympy,linear_memory_first,3,55640064,55640064,55640064,0.0
lab,sympy,linear_memory_repeat,6,55640064.0,55640064,55640064,0.0
lab,sympy,link,3,44597.555000001565,37951.93999999948,47102.580000000075,4728.875154982792
lab,sympy,process_run_first,3,6089.5449999999255,6071.945000000298,12810.054999999702,3885.17890605201
lab,sympy,process_run_repeat,6,5912.3375000003725,5869.8300000000745,6332.519999999553,177.76758120234632
lab,sympy,python_to_c,3,162342.61999999918,133012.62999999896,175735.98000000045,21851.44938256337
lab,sympy,runtime_fs_setup,3,79.74000000022352,77.83500000089407,81.69500000029802,1.9300539713150957
lab,sympy,vfs_setup,3,135.32000000029802,126.63499999977648,140.93500000052154,7.204714313476488
lab,sympy,wasm_bytes,3,26388823,26388823,26388823,0.0
lab,sympy,wasm_compile,3,15.384999999776483,14.915000000968575,15.68999999947846,0.3904164435548189
lab,sympy,work_first_in_process_first,3,1406.295,1381.145,2965.29,907.4334974301606
lab,sympy,work_first_in_process_repeat,6,1340.7025000000003,1313.0649999999998,1522.7900000000004,77.85933955966165
lab,sympy,work_repeat_in_process_first,12,1065.5025,1029.6399999999996,2306.78,586.6289065323633
lab,sympy,work_repeat_in_process_repeat,24,1050.8999999999999,1026.9899999999996,1120.8350000000032,20.892550522758917
pyodide,python,imports_first,3,0.005000000000032756,0.0,0.005000000000254801,0.0028867513460311394
pyodide,python,imports_repeat,6,0.005000499999852082,0.0,0.020000000000131024,0.007359755448895243
pyodide,python,process_run_first,3,1736.964999999851,1705.1150000002235,1855.535000000149,79.26689493942236
pyodide,python,process_run_repeat,6,1727.3150000004098,1685.8299999982119,3350.4399999994785,658.6232905512345
pyodide,python,setup_core,3,1681.4749999996275,1510.894999999553,1702.3100000005215,105.01693184945104
pyodide,python,setup_packages,3,371.56499999947846,328.4550000000745,383.22499999962747,28.850709407520398
pyodide,python,work_first_in_process_first,3,341.62500000000006,339.04499999999985,368.43500099999994,16.274748909481435
pyodide,python,work_first_in_process_repeat,6,340.85500000000036,336.09999899999997,690.1150000000005,142.97853541378294
pyodide,python,work_repeat_in_process_first,12,338.8799999999999,336.0799999999999,383.1600009999998,15.392162823224952
pyodide,python,work_repeat_in_process_repeat,24,343.8024999999998,335.7550009999999,681.9299999999995,120.74616915113074
pyodide,sympy,imports_first,3,1673.3000000000002,1666.8899999999999,1712.005,24.408087286799088
pyodide,sympy,imports_repeat,6,0.020000000001019203,0.014999999999432134,0.025000000000829914,0.003162277686962658
pyodide,sympy,process_run_first,3,8481.61999999918,8402.280000001192,8566.90499999933,82.33038872847713
pyodide,sympy,process_run_repeat,6,6226.040000000037,6207.460000000894,6295.1500000003725,33.442839592407196
pyodide,sympy,setup_core,3,996.6699999999255,918.5100000016391,1630.085000000894,390.2269699482381
pyodide,sympy,setup_packages,3,320.125,310.5800000000745,487.09500000067055,99.2703657949952
pyodide,sympy,work_first_in_process_first,3,1768.1100000000006,1759.7849999999999,1775.2600000000002,7.7449311380629045
pyodide,sympy,work_first_in_process_repeat,6,1240.687499999999,1225.2649990000002,1258.2500000000002,11.985804643994419
pyodide,sympy,work_repeat_in_process_first,12,1246.2650000000003,1218.6199999999997,1285.7150000000006,20.48269275365291
pyodide,sympy,work_repeat_in_process_repeat,24,1247.5299999999984,1214.1400000000003,1269.7049999999983,15.158842175253941
